Workbook

Sheet How To Use
A1: Validation Log — Week 1-2 (Engine vs. Your Judgment)
A2: Every row is one real post the pipeline already processed. Your job is to independently decide what YOU think the verdict should be, before looking at what the engine said.
A4: How to use this workbook
A5: 1. Open the “Validation Log” tab. Columns B–E are already filled in from the real pipeline run.
A6: 2. For each row: open the Post URL, read the actual post, and form your own opinion BEFORE touching columns I onward.
A7: 3. Fill in “Your Verdict” (F) and, optionally, “Your Risk Guess” (G) and “Your Reasoning” (H) -- based only on your own judgment.
A8: 4. Only once you've filled in F-H for a row, unhide columns I–L (right-click the column headers → Unhide) to see what the engine actually said.
A9: 5. “Match?” (M) and “Risk Match?” (N) fill in automatically. If they disagree, pick why in “Disagreement Type” (O) and note what should change in “Follow-up Notes” (P).
A10: 6. Once you've done this for 10-15 posts, check the “Summary” tab for your overall match rate and what kind of mistakes are most common.
A11: Why the engine columns start hidden
A12: If you see the engine's answer before forming your own, you'll unconsciously anchor to it -- and the whole point of this exercise is finding out whether the engine's judgment actually matches yours when you're not looking at it first. It's slightly more friction, on purpose.

Sheet Validation Log
A1: # | B1: Post ID | C1: Influencer Handle | D1: Post URL | E1: Timestamp | F1: Your Verdict | G1: Your Risk Guess | H1: Your Reasoning | I1: Engine Verdict | J1: Engine Risk Level | K1: Engine Flags | L1: Engine Visual Status | M1: Match? | N1: Risk Match? | O1: Disagreement Type | P1: Follow-up Notes
A2: 1 | B2: 18102155182915371 | C2: gyanm.samarth.academy | D2: https://www.instagram.com/p/DcIgeUdCRm4/ | E2: 2026-08-17T07:31:02+0000 | I2: FLAGGED | J2: CRITICAL | K2: approved_label, placement, educational_institutions, awards_rankings_claims, health_wellness_claims, food_beverage_claims, automotive_claims, children_targeted | L2: TEXT_NO_DISCLOSURE | M2: =IF(F2="","",IF(F2=I2,"MATCH","MISMATCH")) | N2: =IF(OR(F2="",G2=""),"",IF(G2=J2,"MATCH","MISMATCH"))
A3: 2 | B3: 18099818797968789 | C3: gyanm.samarth.academy | D3: https://www.instagram.com/p/DcF7n5-iRQY/ | E3: 2026-08-16T07:30:00+0000 | I3: FLAGGED | J3: CRITICAL | K3: approved_label, placement, educational_institutions, awards_rankings_claims, health_wellness_claims, food_beverage_claims, children_targeted, automotive_claims | L3: TEXT_NO_DISCLOSURE | M3: =IF(F3="","",IF(F3=I3,"MATCH","MISMATCH")) | N3: =IF(OR(F3="",G3=""),"",IF(G3=J3,"MATCH","MISMATCH"))
A4: 3 | B4: 18440605123127115 | C4: gyanm.samarth.academy | D4: https://www.instagram.com/reel/DcDckaChrI7/ | E4: 2026-08-15T08:21:31+0000 | I4: FLAGGED | J4: CRITICAL | K4: approved_label, placement, educational_institutions, awards_rankings_claims, children_targeted | L4: NO_MEDIA | M4: =IF(F4="","",IF(F4=I4,"MATCH","MISMATCH")) | N4: =IF(OR(F4="",G4=""),"",IF(G4=J4,"MATCH","MISMATCH"))
A5: 4 | B5: 17887695087656156 | C5: gyanm.samarth.academy | D5: https://www.instagram.com/p/DcAx25MCW4S/ | E5: 2026-08-14T07:29:01+0000 | I5: FLAGGED | J5: CRITICAL | K5: approved_label, placement, educational_institutions, awards_rankings_claims, health_wellness_claims, children_targeted, food_beverage_claims, automotive_claims | L5: TEXT_NO_DISCLOSURE | M5: =IF(F5="","",IF(F5=I5,"MATCH","MISMATCH")) | N5: =IF(OR(F5="",G5=""),"",IF(G5=J5,"MATCH","MISMATCH"))
A6: 5 | B6: 18111054007978665 | C6: gyanm.samarth.academy | D6: https://www.instagram.com/reel/Db-hzn5CWQ0/ | E6: 2026-08-13T10:30:02+0000 | I6: FLAGGED | J6: HIGH | K6: approved_label, placement, educational_institutions | L6: NO_MEDIA | M6: =IF(F6="","",IF(F6=I6,"MATCH","MISMATCH")) | N6: =IF(OR(F6="",G6=""),"",IF(G6=J6,"MATCH","MISMATCH"))
A7: 6 | B7: 18151243828503115 | C7: gyanm.samarth.academy | D7: https://www.instagram.com/p/Db-F-63iRdn/ | E7: 2026-08-13T06:27:02+0000 | I7: FLAGGED | J7: CRITICAL | K7: approved_label, placement, educational_institutions, health_wellness_claims, food_beverage_claims, awards_rankings_claims, children_targeted | L7: TEXT_NO_DISCLOSURE | M7: =IF(F7="","",IF(F7=I7,"MATCH","MISMATCH")) | N7: =IF(OR(F7="",G7=""),"",IF(G7=J7,"MATCH","MISMATCH"))
A8: 7 | B8: 18089657726141209 | C8: gyanm.samarth.academy | D8: https://www.instagram.com/reel/Db7881HEQQA/ | E8: 2026-08-12T10:30:02+0000 | I8: FLAGGED | J8: HIGH | K8: approved_label, placement, educational_institutions, awards_rankings_claims | L8: NO_MEDIA | M8: =IF(F8="","",IF(F8=I8,"MATCH","MISMATCH")) | N8: =IF(OR(F8="",G8=""),"",IF(G8=J8,"MATCH","MISMATCH"))
A9: 8 | B9: 18172480240428241 | C9: gyanm.samarth.academy | D9: https://www.instagram.com/p/Db7gNGQia1T/ | E9: 2026-08-12T06:18:03+0000 | I9: FLAGGED | J9: CRITICAL | K9: approved_label, placement, educational_institutions, health_wellness_claims, awards_rankings_claims, food_beverage_claims, children_targeted, automotive_claims | L9: TEXT_NO_DISCLOSURE | M9: =IF(F9="","",IF(F9=I9,"MATCH","MISMATCH")) | N9: =IF(OR(F9="",G9=""),"",IF(G9=J9,"MATCH","MISMATCH"))
A10: 9 | B10: 17948138331251718 | C10: gyanm.samarth.academy | D10: https://www.instagram.com/reel/Db5fHtVkU5c/ | E10: 2026-08-11T11:30:01+0000 | I10: FLAGGED | J10: HIGH | K10: approved_label, placement, educational_institutions, awards_rankings_claims | L10: NO_MEDIA | M10: =IF(F10="","",IF(F10=I10,"MATCH","MISMATCH")) | N10: =IF(OR(F10="",G10=""),"",IF(G10=J10,"MATCH","MISMATCH"))
A11: 10 | B11: 18105103865335190 | C11: gyanm.samarth.academy | D11: https://www.instagram.com/p/Db47F_siYdv/ | E11: 2026-08-11T06:16:01+0000 | I11: FLAGGED | J11: CRITICAL | K11: approved_label, placement, educational_institutions, awards_rankings_claims, health_wellness_claims, food_beverage_claims, children_targeted, automotive_claims | L11: TEXT_NO_DISCLOSURE | M11: =IF(F11="","",IF(F11=I11,"MATCH","MISMATCH")) | N11: =IF(OR(F11="",G11=""),"",IF(G11=J11,"MATCH","MISMATCH"))
A12: 11 | B12: 18096639362042115 | C12: gyanm.samarth.academy | D12: https://www.instagram.com/reel/Db4vAu5iRet/ | E12: 2026-08-11T04:30:01+0000 | I12: FLAGGED | J12: CRITICAL | K12: approved_label, placement, educational_institutions, awards_rankings_claims, health_wellness_claims, automotive_claims, food_beverage_claims | L12: NO_MEDIA | M12: =IF(F12="","",IF(F12=I12,"MATCH","MISMATCH")) | N12: =IF(OR(F12="",G12=""),"",IF(G12=J12,"MATCH","MISMATCH"))
A13: 12 | B13: 17902661118492902 | C13: gyanm.samarth.academy | D13: https://www.instagram.com/reel/Db2zYUyEXEI/ | E13: 2026-08-10T10:30:02+0000 | I13: FLAGGED | J13: HIGH | K13: approved_label, placement, educational_institutions | L13: NO_MEDIA | M13: =IF(F13="","",IF(F13=I13,"MATCH","MISMATCH")) | N13: =IF(OR(F13="",G13=""),"",IF(G13=J13,"MATCH","MISMATCH"))
... A51: 50 | B51: 18115081436494101 | C51: gyanm.samarth.academy | D51: https://www.instagram.com/reel/DZkJXGsMb6P/ | E51: 2026-06-14T11:34:20+0000 | I51: FLAGGED | J51: CRITICAL | K51: approved_label, placement, educational_institutions, awards_rankings_claims, children_targeted, health_wellness_claims | L51: NO_MEDIA | M51: =IF(F51="","",IF(F51=I51,"MATCH","MISMATCH")) | N51: =IF(OR(F51="",G51=""),"",IF(G51=J51,"MATCH","MISMATCH"))
M52: =IF(F52="","",IF(F52=I52,"MATCH","MISMATCH")) | N52: =IF(OR(F52="",G52=""),"",IF(G52=J52,"MATCH","MISMATCH"))
M53: =IF(F53="","",IF(F53=I53,"MATCH","MISMATCH")) | N53: =IF(OR(F53="",G53=""),"",IF(G53=J53,"MATCH","MISMATCH"))
M54: =IF(F54="","",IF(F54=I54,"MATCH","MISMATCH")) | N54: =IF(OR(F54="",G54=""),"",IF(G54=J54,"MATCH","MISMATCH"))
M55: =IF(F55="","",IF(F55=I55,"MATCH","MISMATCH")) | N55: =IF(OR(F55="",G55=""),"",IF(G55=J55,"MATCH","MISMATCH"))
M56: =IF(F56="","",IF(F56=I56,"MATCH","MISMATCH")) | N56: =IF(OR(F56="",G56=""),"",IF(G56=J56,"MATCH","MISMATCH"))
M57: =IF(F57="","",IF(F57=I57,"MATCH","MISMATCH")) | N57: =IF(OR(F57="",G57=""),"",IF(G57=J57,"MATCH","MISMATCH"))
M58: =IF(F58="","",IF(F58=I58,"MATCH","MISMATCH")) | N58: =IF(OR(F58="",G58=""),"",IF(G58=J58,"MATCH","MISMATCH"))
M59: =IF(F59="","",IF(F59=I59,"MATCH","MISMATCH")) | N59: =IF(OR(F59="",G59=""),"",IF(G59=J59,"MATCH","MISMATCH"))
M60: =IF(F60="","",IF(F60=I60,"MATCH","MISMATCH")) | N60: =IF(OR(F60="",G60=""),"",IF(G60=J60,"MATCH","MISMATCH"))
M61: =IF(F61="","",IF(F61=I61,"MATCH","MISMATCH")) | N61: =IF(OR(F61="",G61=""),"",IF(G61=J61,"MATCH","MISMATCH"))
M62: =IF(F62="","",IF(F62=I62,"MATCH","MISMATCH")) | N62: =IF(OR(F62="",G62=""),"",IF(G62=J62,"MATCH","MISMATCH"))
M63: =IF(F63="","",IF(F63=I63,"MATCH","MISMATCH")) | N63: =IF(OR(F63="",G63=""),"",IF(G63=J63,"MATCH","MISMATCH"))
... M72: =IF(F72="","",IF(F72=I72,"MATCH","MISMATCH")) | N72: =IF(OR(F72="",G72=""),"",IF(G72=J72,"MATCH","MISMATCH"))

Sheet Summary
A1: Validation Summary
A3: Fills in automatically as you complete rows in the Validation Log tab.
A5: Metric | B5: Count | C5: % of Reviewed
A6: Posts Reviewed (by you) | B6: =COUNTIF('Validation Log'!F:F,"COMPLIANT")+COUNTIF('Validation Log'!F:F,"FLAGGED")+COUNTIF('Validation Log'!F:F,"NEEDS EXPERT REVIEW")+COUNTIF('Validation Log'!F:F,"PENDING REVIEW")
A7: Matches | B7: =COUNTIF('Validation Log'!M:M,"MATCH") | C7: =IFERROR(B7/$B$6,"")
A8: Mismatches | B8: =COUNTIF('Validation Log'!M:M,"MISMATCH") | C8: =IFERROR(B8/$B$6,"")
A10: Disagreements by Type
A12: Type | B12: # Occurrences
A13: False Positive - engine over-flagged | B13: =COUNTIF('Validation Log'!O:O,"False Positive - engine over-flagged")
A14: False Negative - engine missed it | B14: =COUNTIF('Validation Log'!O:O,"False Negative - engine missed it")
A15: Right verdict, wrong category or reason | B15: =COUNTIF('Validation Log'!O:O,"Right verdict, wrong category or reason")
A16: Risk level off | B16: =COUNTIF('Validation Log'!O:O,"Risk level off")
A17: Other | B17: =COUNTIF('Validation Log'!O:O,"Other")
